{
  "metric": "vessel_count",
  "event_date": "2022-02-24",
  "estimation_window": [
    -90,
    -31
  ],
  "event_window": [
    -30,
    30
  ],
  "n_estimation": 60,
  "n_event": 61,
  "baseline_mean": 258.05,
  "baseline_std": 16.998928181565855,
  "abnormal_values": {
    "-30": -2.0500000000000114,
    "-29": 23.94999999999999,
    "-28": 51.94999999999999,
    "-27": 13.949999999999989,
    "-26": 0.9499999999999886,
    "-25": -6.050000000000011,
    "-24": 14.949999999999989,
    "-23": 59.94999999999999,
    "-22": -6.050000000000011,
    "-21": 22.94999999999999,
    "-20": 16.94999999999999,
    "-19": 11.949999999999989,
    "-18": -3.0500000000000114,
    "-17": 34.94999999999999,
    "-16": 28.94999999999999,
    "-15": 16.94999999999999,
    "-14": 27.94999999999999,
    "-13": 19.94999999999999,
    "-12": -6.050000000000011,
    "-11": 3.9499999999999886,
    "-10": -2.0500000000000114,
    "-9": 29.94999999999999,
    "-8": 16.94999999999999,
    "-7": -17.05000000000001,
    "-6": -8.050000000000011,
    "-5": -17.05000000000001,
    "-4": 5.949999999999989,
    "-3": -13.050000000000011,
    "-2": 17.94999999999999,
    "-1": 19.94999999999999,
    "0": -60.05000000000001,
    "1": -34.05000000000001,
    "2": -46.05000000000001,
    "3": -66.05000000000001,
    "4": -36.05000000000001,
    "5": -4.050000000000011,
    "6": -28.05000000000001,
    "7": -49.05000000000001,
    "8": -54.05000000000001,
    "9": -62.05000000000001,
    "10": -43.05000000000001,
    "11": -22.05000000000001,
    "12": -32.05000000000001,
    "13": -18.05000000000001,
    "14": -12.050000000000011,
    "15": -39.05000000000001,
    "16": -49.05000000000001,
    "17": -47.05000000000001,
    "18": -56.05000000000001,
    "19": -42.05000000000001,
    "20": -15.050000000000011,
    "21": -14.050000000000011,
    "22": -50.05000000000001,
    "23": -49.05000000000001,
    "24": -31.05000000000001,
    "25": -51.05000000000001,
    "26": -3.0500000000000114,
    "27": -26.05000000000001,
    "28": -20.05000000000001,
    "29": -32.05000000000001,
    "30": -34.05000000000001
  },
  "cumulative_abnormal": {
    "-30": -2.0500000000000114,
    "-29": 21.899999999999977,
    "-28": 73.84999999999997,
    "-27": 87.79999999999995,
    "-26": 88.74999999999994,
    "-25": 82.69999999999993,
    "-24": 97.64999999999992,
    "-23": 157.5999999999999,
    "-22": 151.5499999999999,
    "-21": 174.4999999999999,
    "-20": 191.44999999999987,
    "-19": 203.39999999999986,
    "-18": 200.34999999999985,
    "-17": 235.29999999999984,
    "-16": 264.24999999999983,
    "-15": 281.1999999999998,
    "-14": 309.1499999999998,
    "-13": 329.0999999999998,
    "-12": 323.0499999999998,
    "-11": 326.9999999999998,
    "-10": 324.94999999999976,
    "-9": 354.89999999999975,
    "-8": 371.84999999999974,
    "-7": 354.7999999999997,
    "-6": 346.7499999999997,
    "-5": 329.6999999999997,
    "-4": 335.6499999999997,
    "-3": 322.5999999999997,
    "-2": 340.54999999999967,
    "-1": 360.49999999999966,
    "0": 300.44999999999965,
    "1": 266.39999999999964,
    "2": 220.34999999999962,
    "3": 154.2999999999996,
    "4": 118.2499999999996,
    "5": 114.19999999999959,
    "6": 86.14999999999958,
    "7": 37.09999999999957,
    "8": -16.950000000000443,
    "9": -79.00000000000045,
    "10": -122.05000000000047,
    "11": -144.10000000000048,
    "12": -176.1500000000005,
    "13": -194.2000000000005,
    "14": -206.2500000000005,
    "15": -245.30000000000052,
    "16": -294.35000000000053,
    "17": -341.40000000000055,
    "18": -397.45000000000056,
    "19": -439.50000000000057,
    "20": -454.5500000000006,
    "21": -468.6000000000006,
    "22": -518.6500000000005,
    "23": -567.7000000000005,
    "24": -598.7500000000005,
    "25": -649.8000000000004,
    "26": -652.8500000000004,
    "27": -678.9000000000003,
    "28": -698.9500000000003,
    "29": -731.0000000000002,
    "30": -765.0500000000002
  },
  "t_stats": {
    "-30": -0.11960326341602528,
    "-29": 1.3973161750311163,
    "-28": 3.0309217241280377,
    "-27": 0.8138856217822157,
    "-26": 0.05542590255864489,
    "-25": -0.35297548471558554,
    "-24": 0.8722286771071057,
    "-23": 3.4976661667271585,
    "-22": -0.35297548471558554,
    "-21": 1.3389731197062262,
    "-20": 0.9889147877568858,
    "-19": 0.6971995111324355,
    "-18": -0.17794631874091535,
    "-17": 2.039089783604907,
    "-16": 1.6890314516555665,
    "-15": 0.9889147877568858,
    "-14": 1.6306883963306764,
    "-13": 1.163943953731556,
    "-12": -0.35297548471558554,
    "-11": 0.23045506853331507,
    "-10": -0.11960326341602528,
    "-9": 1.7473745069804565,
    "-8": 0.9889147877568858,
    "-7": -0.9947490932893762,
    "-6": -0.4696615953653656,
    "-5": -0.9947490932893762,
    "-4": 0.34714117918309517,
    "-3": -0.761376871989816,
    "-2": 1.0472578430817758,
    "-1": 1.163943953731556,
    "0": -3.5035004722596486,
    "1": -1.9865810338125072,
    "2": -2.686697697711188,
    "3": -3.853558804208989,
    "4": -2.1032671444622872,
    "5": -0.2362893740658054,
    "6": -1.6365227018631667,
    "7": -2.861726863685858,
    "8": -3.1534421403103083,
    "9": -3.6201865829094286,
    "10": -2.5116685317365177,
    "11": -1.2864643699138265,
    "12": -1.869894923162727,
    "13": -1.0530921486142661,
    "14": -0.7030338166649259,
    "15": -2.2782963104369576,
    "16": -2.861726863685858,
    "17": -2.745040753036078,
    "18": -3.2701282509600884,
    "19": -2.4533254764116275,
    "20": -0.878062982639596,
    "21": -0.819719927314706,
    "22": -2.920069919010748,
    "23": -2.861726863685858,
    "24": -1.811551867837837,
    "25": -2.978412974335638,
    "26": -0.17794631874091535,
    "27": -1.5198365912133867,
    "28": -1.1697782592640464,
    "29": -1.869894923162727,
    "30": -1.9865810338125072
  },
  "p_values": {
    "-30": 0.9052037691769117,
    "-29": 0.1675513892699907,
    "-28": 0.0036171594473002333,
    "-27": 0.41898317918941475,
    "-26": 0.9559864282545887,
    "-25": 0.7253648113404616,
    "-24": 0.3866194585121725,
    "-23": 0.0008989481768313379,
    "-22": 0.7253648113404616,
    "-21": 0.18571557357472068,
    "-20": 0.3267432168816944,
    "-19": 0.48841618463851555,
    "-18": 0.8593746974795664,
    "-17": 0.0459287481301931,
    "-16": 0.09649219943528142,
    "-15": 0.3267432168816944,
    "-14": 0.10828353076339248,
    "-13": 0.24913207190494147,
    "-12": 0.7253648113404616,
    "-11": 0.8185353953184729,
    "-10": 0.9052037691769117,
    "-9": 0.08577553862879972,
    "-8": 0.3267432168816944,
    "-7": 0.3239206433140305,
    "-6": 0.6403280420539277,
    "-5": 0.3239206433140305,
    "-4": 0.7297204936311203,
    "-3": 0.44946463132075776,
    "-2": 0.29925207096307727,
    "-1": 0.24913207190494147,
    "0": 0.0008828283013393445,
    "1": 0.051619499095684196,
    "2": 0.009359666321911764,
    "3": 0.0002897255608549365,
    "4": 0.03971632983240303,
    "5": 0.8140265307013081,
    "6": 0.10705407305186276,
    "7": 0.005821416462100215,
    "8": 0.0025375724044511827,
    "9": 0.0006126999889091156,
    "10": 0.014773031961864413,
    "11": 0.20330628208347812,
    "12": 0.06646251889552457,
    "13": 0.2965926092792701,
    "14": 0.484799636156521,
    "15": 0.02634566071388944,
    "16": 0.005821416462100215,
    "17": 0.008005551075667361,
    "18": 0.0017971000370833323,
    "19": 0.017127727760486433,
    "20": 0.3834713499100417,
    "21": 0.41567501728649114,
    "22": 0.004949494370837471,
    "23": 0.005821416462100215,
    "24": 0.0751461802519866,
    "25": 0.004200032378405272,
    "26": 0.8593746974795664,
    "27": 0.13389327817038077,
    "28": 0.24679412320533323,